label_id,label_name
0,Game
1,Video game
2,Vehicle
3,Concert
4,Musician
5,Cartoon
6,Performance art
7,Car
8,Dance
9,Guitar
10,String instrument
11,Food
12,Association football
13,Musical ensemble
14,Music video
15,Animal
16,Animation
17,Motorsport
18,Pet
19,Racing
20,Recipe
21,Mobile phone
22,Cooking
23,Smartphone
24,Gadget
25,Trailer (promotion)
26,Toy
27,Minecraft
28,Drum kit
29,Cuisine
30,Motorcycle
31,Piano
32,Dish (food)
33,Drum
34,Acoustic guitar
35,Action-adventure game
36,Call of Duty
37,Electric guitar
38,Drummer
39,Cosmetics
40,Keyboard instrument
41,Choir
42,Strategy video game
43,Fishing
44,Aircraft
45,Train
46,Airplane
47,Pianist
48,Sports car
49,Art
50,Hair
51,Rail transport
52,Basketball
53,Cycling
54,Orchestra
55,Motorcycling
56,Transport
57,Musical keyboard
58,Bicycle
59,Fish
60,Outdoor recreation
61,Disc jockey
62,Machine
63,Sports game
64,Radio-controlled model
65,Hairstyle
66,Fashion
67,Dog
68,Skateboarding
69,Fighting game
70,Basketball moves
71,Wedding
72,Skateboard
73,IPhone
74,Personal computer
75,Truck
76,Boat
77,Railroad car
78,Snare drum
79,American football
80,Drawing
81,Pokémon
82,Winter sport
83,Tractor
84,Naruto
85,Grand Theft Auto V
86,Cymbal
87,Horse
88,House
89,Festival
90,Engine
91,Highlight film
92,Boxing
93,World of Warcraft
94,Call of Duty: Black Ops II
95,Four-wheel drive
96,Bird
97,Violin
98,Skateboarding trick
99,Christmas
100,Weight training
101,Recreational fishing
102,Warcraft
103,Ice skating
104,Driving
105,Video game console
106,Microsoft Windows
107,Airline
108,Pokémon (video game series)
109,Landing
110,Combat
111,League of Legends
112,Vegetable
113,Model aircraft
114,Airliner
115,Samsung Galaxy
116,Sport utility vehicle
117,Electronic keyboard
118,Hockey
119,Radio-controlled aircraft
120,
121,Eye shadow
122,Cooking show
123,Dessert
124,Battlefield (series)
125,Slam dunk
126,Plant
127,Painting
128,Drifting (motorsport)
129,Rallying
130,Lego
131,Tablet computer
132,Call of Duty: Modern Warfare 2
133,Comedy (drama)
134,Grand Theft Auto: San Andreas
135,Off-road vehicle
136,The Walt Disney Company
137,Locomotive
138,Takeoff
139,RuneScape
140,Puppy
141,Amusement park
142,Call of Duty: Modern Warfare 3
143,Motocross
144,Dragon Ball
145,Airport
146,Photography
147,Call of Duty: Black Ops
148,Shoe
149,Radio-controlled car
150,Sonic the Hedgehog
151,Skatepark
152,Bride
153,First-person shooter
154,Accordion
155,Jet aircraft
156,Mascara
157,Halo (series)
158,Camera
159,Final Fantasy
160,Skiing
161,Gym
162,Aviation
163,Mountain bike
164,Marching band
165,
166,Extreme sport
167,FIFA 15
168,Brass instrument
169,Sasuke Uchiha
170,Cat
171,Sedan (automobile)
172,Pickup truck
173,Meat
174,BMW
175,Parade
176,Cake
177,Supercar
178,Aquarium
179,Weather
180,Weapon
181,Nail (anatomy)
182,Surfing
183,PlayStation 3
184,Room
185,Call of Duty 4: Modern Warfare
186,Helicopter
187,Laptop
188,Saxophone
189,Star Wars
190,Goku
191,Hotel
192,Xbox 360
193,Arcade game
194,Doll
195,News presenter
196,Exhaust system
197,Volkswagen
198,Hatchback
199,Action figure
200,Computer
201,Carnival
202,Lipstick
203,Wii
204,Sonic the Hedgehog (character)
205,School
206,Ballet
207,Eye liner
208,Heavy equipment
209,IPad
210,Running
211,Baking
212,Rapid transit
213,Coupé
214,Road bicycle
215,Card game
216,Nail polish
217,Playing card
218,Bus
219,Counter-Strike (video game)
220,Gardening
221,Outline of meals
222,Nail art
223,Tank
224,
225,Bollywood
226,Tennis
227,Ship
228,BMX bike
229,Drink
230,Grand Theft Auto IV
231,Snowboarding
232,Mountain biking
233,Rouge (cosmetics)
234,Super Smash Bros.
235,
236,Street Fighter
237,Stadium
238,Underwater
239,Hunting
240,Kickflip
241,Metin2
242,The Sims
243,Viola
244,Pony
245,PlayStation 4
246,Television
247,
248,Beach
249,Manicure
250,Chocolate
251,Wood
252,Snow
253,Sneakers
254,
255,Roller coaster
256,Afro-textured hair
257,Timbales
258,Need for Speed
259,Robot
260,Paper
261,Gymnastics
262,Farm
263,Diatonic button accordion
264,Fighter aircraft
265,Sketch (drawing)
266,Mercedes-Benz
267,Chevrolet
268,Batman
269,Loudspeaker
270,Tool
271,"Nike
272,Race track
273,Ski
274,Underwater diving
275,Computer hardware
276,Garden
277,Paint
278,Cello
279,Digital camera
280,Scooter (motorcycle)
281,Motorboat
282,Harry Potter
283,
284,GoPro
285,Assassin's Creed
286,Fishing rod
287,Battlefield 3
288,IPod
289,Nature
290,Dota 2
291,Tree
292,My Little Pony
293,Dress
294,Xbox One
295,Train station
296,Firefighter
297,Jeep
298,Rail transport modelling
299,Resort
300,Flute
301,Touhou Project
302,Fruit
303,Chicken as food
304,Knife
305,Dashcam
306,Clash of Clans
307,Kitchen
308,Slide show
309,The Legend of Zelda
310,Fireworks
311,Swimming pool
312,Rugby football
313,Building
314,Kitten
315,Television advertisement
316,
317,Battlefield 4
318,Horse racing
319,MapleStory
320,Subwoofer
321,Flour
322,IPod Touch
323,World of Tanks
324,Music festival
325,Comedian
326,Figurine
327,Kingdom Hearts
328,Manga
329,Wrestling
330,Trumpet
331,Xbox
332,Model (person)
333,Jumping
334,Dough
335,FIFA 13
336,Pro Evolution Soccer
337,Resident Evil
338,Eye
339,Guitar Hero
340,Enduro
341,Home appliance
342,News program
343,Watch
344,Audi
345,Off-road racing
346,Ice dancing
347,Construction
348,Organ (music)
349,PlayStation Portable
350,Figure skating
351,Fiddle
352,WWE 2K
353,Climbing
354,Spider-Man
355,Braid
356,Muscle
357,The Elder Scrolls V: Skyrim
358,Nintendo 3DS
359,Fire
360,Human swimming
361,BMW Motorrad
362,One Piece
363,Wildlife
364,Apartment
365,Dressage
366,Scuba diving
367,Call of Duty: Ghosts
368,Eating
369,Kickboxing
370,Egg as food
371,Origami
372,The Elder Scrolls
373,Ford Mustang
374,Fishing lure
375,Light
376,Running back
377,Air force
378,M.U.G.E.N
379,Transformers
380,Living room
381,Soldier
382,Bag
383,Ballroom dance
384,Gohan
385,Kayak
386,Sheet music
387,Destiny (video game)
388,Wall
389,Church (building)
390,Sewing
391,Chipmunk
392,Surfboard
393,Concealer
394,Drag racing
395,Mega Man
396,Walt Disney World
397,Chicken
398,Parachuting
399,Classic car
400,Furniture
401,Jewellery
402,Recreational vehicle
403,Call of Duty: Advanced Warfare
404,Street Fighter IV
405,Sakura Haruno
406,Restaurant
407,Halo 3
408,Wheelie
409,Mario Kart
410,Headphones
411,Factory
412,Yu-Gi-Oh! Trading Card Game
413,Speedometer
414,Circus
415,Muscle car
416,Bedroom
417,Tekken
418,Graffiti
419,River
420,Lighting
421,Guitar amplifier
422,Knitting
423,Call of Duty: Zombies
424,PlayStation
425,Radio-controlled helicopter
426,Cookware and bakeware
427,Trail
428,Camping
429,University
430,Indian cuisine
431,Multiplayer online battle arena
432,Ball
433,Nightclub
434,Book
435,Lego minifigure
436,PlayStation 2
437,Dodge
438,Garry's Mod
439,Camera lens
440,Hockey puck
441,Barbie
442,Thomas the Tank Engine
443,Go-kart
444,Vegetarian cuisine
445,Monster High
446,Yacht
447,Collectible card game
448,Auto Race (Japanese sport)
449,Role-playing game
450,Madden NFL
451,Unidentified flying object
452,Longboard (skateboard)
453,Toddler
454,Digital single-lens reflex camera
455,Xbox (console)
456,Rail freight transport
457,Honda Civic
458,Convertible
459,The Sims 2
460,Lamborghini
461,Printer (computing)
462,Cream
463,Parrot
464,Tire
465,Quadcopter
466,Littlest Pet Shop
467,Wii U
468,Planet
469,
470,The Sims 3
471,Sony Xperia
472,Salad
473,Sailboat
474,Cruise ship
475,Unmanned aerial vehicle
476,Naruto: Ultimate Ninja
477,Barbecue
478,Mortal Kombat
479,Slot machine
480,Longboarding
481,Halo: Reach
482,Paragliding
483,Bread
484,Monster Hunter
485,Stitch (textile arts)
486,Dofus
487,StarCraft II: Wings of Liberty
488,Game controller
489,Gears of War
490,Mud bogging
491,Snowboard
492,Synthesia
493,Wig
494,Road bicycle racing
495,Wheel
496,Macintosh
497,Home improvement
498,Printing
499,Insect
500,Road
501,Parachute
502,Cattle
503,Hair coloring
504,IPhone 4S
505,Advertising
506,Potato
507,Runway
508,Van
509,Zoo
510,Handheld game console
511,Water
512,Rock Band
513,Volkswagen Golf
514,Bathroom
515,Stunt performer
516,Bleach (manga)
517,Metal Gear
518,Santa Claus
519,Hiking
520,Samsung Electronics
521,Runway (fashion)
522,Elevator
523,Cricket
524,Gran Turismo (series)
525,Fire engine
526,Kinder Surprise
527,Play-Doh
528,Grilling
529,Eyelash
530,Table tennis
531,Fiat Automobiles
532,Dragon
533,Lion
534,Nintendo Entertainment System
535,PlayStation (console)
536,Stallion
537,Ice skate
538,Baseball park
539,Flamenco
540,Steam engine
541,Plough
542,Farming Simulator
543,Soup
544,Snowmobile
545,Mare
546,Counter-Strike: Source
547,Sail
548,Squat (exercise)
549,Bass (fish)
550,Banjo
551,Harmonica
552,Quartet
553,Drum stick
554,IPhone 5
555,Reptile
556,Prayer
557,T-shirt
558,Talent show
559,Rice
560,Roasting
561,Diablo III
562,CrossFire (video game)
563,Renault
564,Pizza
565,Trombone
566,Chevrolet Camaro
567,Barbell
568,Ryu (Street Fighter)
569,Clay
570,Beyblade
571,Lake
572,Sauce
573,
574,Cube
575,Forza (series)
576,Cookie
577,Taiko no Tatsujin
578,Mixtape
579,Medicine
580,Door
581,Monster
582,Call of Duty: World at War
583,Mud
584,Computer keyboard
585,Clarinet
586,Defense of the Ancients
587,Sora (Kingdom Hearts)
588,Computer monitor
589,Super Street Fighter IV
590,PlayStation Vita
591,Guild Wars
592,Album
593,Model car
594,Tenor saxophone
595,The Twilight Saga (film series)
596,Rubik's Cube
597,Sailor Moon
598,Teacher
599,Mixing console
600,Card manipulation
601,Combine harvester
602,Boeing 737
603,Bull
604,Fish as food
605,Cheese
606,Concrete
607,Board game
608,Moped
609,Puzzle
610,Lego Star Wars
611,Poker
612,Portrait
613,Luigi
614,Dining room
615,Pokémon X and Y
616,Floor
617,Asus
618,Inuyasha
619,Livestock
620,Lawn mower
621,Tibia (video game)
622,Tabletop game
623,Iron Man
624,Tomato
625,Juice
626,Final Fantasy VII
627,Lip gloss
628,Super Smash Bros. Melee
629,Central processing unit
630,Sitcom
631,Cockpit
632,Emergency vehicle
633,FIFA 12
634,Bodyboarding
635,Earth
636,The Lego Group
637,Ice cream
638,Microphone
639,Rallycross
640,Website
641,Table (furniture)
642,Ice
643,Magic: The Gathering
644,Ninja
645,Darth Vader
646,Saw
647,Mickey Mouse
648,Handbag
649,The King of Fighters
650,Ballet dancer
651,Samsung Galaxy Note series
652,Washing machine
653,Zee TV
654,Point Blank (2008 video game)
655,Gibson Les Paul
656,Dune buggy
657,DayZ (video game)
658,Television set
659,Dirt track racing
660,Edward Cullen
661,Beauty salon
662,Hetalia: Axis Powers
663,Vampire
664,Gliding
665,Batman: Arkham
666,Mountain
667,Rain
668,Shark
669,Waterfall
670,DarkOrbit
671,Bagpipes
672,Comics
673,Rock climbing
674,Skin
675,Arena
676,IPhone 4
677,ARMA (series)
678,Super Smash Bros. for Nintendo 3DS and Wii U
679,Curry
680,Pasta
681,Halo 4
682,Superman
683,Icing (food)
684,Google Nexus
685,Marathon
686,Deer
687,Guitar Hero III: Legends of Rock
688,Balloon
689,Goalkeeper (association football)
690,Red Bull
691,Nissan GT-R
692,Noodle
693,Fishing bait
694,Pencil
695,Plants vs. Zombies
696,Athlete
697,Computer case
698,Stretching
699,Terrier
700,Outer space
701,Textile
702,Mercedes-AMG
703,Hard disk drive
704,Biceps
705,Handball
706,Land Rover
707,Kamen Rider Series
708,Parakeet
709,Bear
710,Rim (wheel)
711,Chevrolet Corvette
712,Battery (electricity)
713,Milk
714,Roblox
715,BMW M3
716,Christmas decoration
717,Moon
718,Microsoft Lumia
719,Combat Arms (video game)
720,Maize
721,Cargo
722,Headset (audio)
723,Bee
724,Helmet
725,Street art
726,Clown
727,Tattoo
728,Cupcake
729,Traxxas
730,Money
731,Hatsune Miku: Project DIVA
732,Bead
733,Angry Birds
734,Movieclips
735,Optimus Prime
736,MacBook
737,Mass Effect
738,Bowser (character)
739,Sega Genesis
740,Pachinko
741,Jedi
742,Jeep Wrangler
743,Dragon Ball Z: Budokai Tenkaichi
744,Tales (series)
745,Loader (equipment)
746,Water park
747,Beef
748,Sewing machine
749,Beer
750,Glass
751,Silage
752,Seafood
753,Gran Turismo 5
754,Harp
755,Joker (comics)
756,Volkswagen Beetle
757,
758,BlackBerry
759,AdventureQuest Worlds
760,Bowling
761,Guild Wars 2
762,Dragon Quest
763,Washing
764,Mermaid
765,Cue stick
766,Boot
767,Stir frying
768,Grand Theft Auto: Vice City
769,Penguin
770,Acrylic paint
771,Cocktail
772,Kingdom Hearts II
773,Coral
774,Borderlands 2
775,Telephone
776,Gears of War (video game)
777,Far Cry
778,Tractor pulling
779,Rock Band (video game)
780,Crane (machine)
781,Updo
782,Stuffed toy
783,Lawn
784,Tekken (video game)
785,Airbus A320 family
786,IPhone 5S
787,Watercolor painting
788,Ten-pin bowling
789,Duck
790,Pokémon Trading Card Game
791,Oven
792,Subaru Impreza
793,Porsche 911
794,Backpack
795,Carl Johnson (Grand Theft Auto)
796,German Shepherd
797,Turtle
798,Metal
799,Left 4 Dead
800,Ultralight aviation
801,Comic book
802,Batting (cricket)
803,Tram
804,Mower
805,Reef aquarium
806,
807,Swing (dance)
808,Lego City
809,Game Boy Advance
810,Diesel engine
811,Pitcher
812,Dance studio
813,Hamburger
814,Cake decorating
815,Left 4 Dead 2
816,Bible
817,Candy
818,Vacuum cleaner
819,Pokémon Omega Ruby and Alpha Sapphire
820,Sowing
821,Roof
822,Donkey Kong
823,Trout
824,Coin
825,Tent
826,Digimon
827,Costume
828,Warface
829,Sandwich
830,BMW 3 Series
831,Star Wars: The Old Republic
832,Trampoline
833,Pipe organ
834,Latin dance
835,Aerobics
836,Aion: Upheaval
837,Supermoto
838,Netbook
839,Gift
840,Strum
841,Mitsubishi Lancer Evolution
842,Drum and bugle corps (modern)
843,Gramophone record
844,Gundam (mobile suit)
845,Euro Truck Simulator 2
846,Tai chi
847,Teenage Mutant Ninja Turtles
848,Aerobatics
849,Wedding dress
850,Hair conditioner
851,Achievement (video gaming)
852,Boeing 777
853,Shadow the Hedgehog
854,Boeing 747
855,Simba
856,Silkroad Online
857,Kindergarten
858,Smartwatch
859,Computer mouse
860,Bell
861,Museum
862,Rabbit
863,Total War (series)
864,DVD
865,Devil May Cry
866,Face
867,Lathe
868,Five Nights at Freddy's
869,Logging
870,String quartet
871,Bridge
872,Super Mario Bros.
873,Fishing reel
874,Badminton
875,Clock
876,Stove
877,Wine
878,Subaru
879,Leather
880,IPad 2
881,Terraria
882,Attack on Titan
883,Bottle
884,Kick
885,Police officer
886,Raw foodism
887,Video card
888,Alpine skiing
889,String (music)
890,StarCraft (video game)
891,Roadster (automobile)
892,Steak
893,Hearthstone (video game)
894,Solo dance
895,Foreign exchange market
896,God of War (series)
897,Hulk (comics)
898,Easter egg
899,Ceiling
900,Yo-kai Watch
901,Wakeboarding
902,Monster truck
903,McDonald's
904,Assassin's Creed III
905,Chopper (motorcycle)
906,Largemouth bass
907,Roller skating
908,Glider (aircraft)
909,Jacket
910,Marimba
911,Christmas tree
912,Sand
913,Afro
914,MacBook Pro
915,Booster pack
916,Dark Souls II
917,Bartender
918,Quarterback
919,Illustration
920,ARMA 2
921,Star Trek
922,Itachi Uchiha
923,Hot rod
924,Saints Row
925,Freeza
926,Need for Speed: Most Wanted (2012 video game)
927,Hair twists
928,Super Mario World
929,Crash Bandicoot
930,Pork
931,Shampoo
932,Mask
933,Hair iron
934,Marvel vs. Capcom
935,Castlevania
936,Halo 2
937,Battery charger
938,Tower defense
939,BBC
940,Kawasaki motorcycles
941,Link (The Legend of Zelda)
942,Muffler
943,Nintendo 64
944,Marriage proposal
945,Fingerboard (skateboard)
946,Beehive
947,Pokémon HeartGold and SoulSilver
948,Bowling ball
949,Tower of Saviors
950,Artificial nails
951,Final Fantasy XIII
952,Chair
953,Hijab
954,Juggling
955,Nissan Skyline
956,Anpanman
957,Car wash
958,Kite
959,Diablo (video game)
960,Resident Evil 4
961,Candy Crush Saga
962,Rocket
963,Video game arcade cabinet
964,Whale
965,Glider (sailplane)
966,Flooring
967,Kingdom Hearts (video game)
968,
969,Fast food
970,Mandolin
971,Metal detector
972,Cinema 4D
973,Ash Ketchum
974,Router (computing)
975,Yamaha YZF-R1
976,Uncharted
977,DC Comics
978,Egg
979,Lexus
980,Ollie (skateboarding)
981,Hamster
982,Chainsaw
983,Galaxy
984,Embroidery
985,Suite (hotel)
986,Brush
987,Electronic drum
988,Gran Turismo 6
989,NBA 2K15
990,Dolphin
991,Salmon
992,Window
993,Drill
994,Pen
995,Backpacking (wilderness)
996,Torte
997,Web page
998,Dreadlocks
999,Hot Wheels
1000,Brake
1001,Tuba
1002,Volcano
1003,Ibiza
1004,Dragon Age
1005,Mini
1006,Perfect World (video game)
1007,Knot
1008,Tails (character)
1009,Thunderstorm
1010,Video camera
1011,Smoothie
1012,Crossover (automobile)
1013,Condominium
1014,Desert
1015,Pump
1016,Strawberry
1017,Coffeemaker
1018,The Legend of Zelda: Ocarina of Time
1019,Tarot
1020,Architecture
1021,Portal (video game)
1022,Dynasty Warriors
1023,Lightning McQueen
1024,Pirates of the Caribbean (film series)
1025,Tile
1026,Battlefield: Bad Company 2
1027,Sketch comedy
1028,Aikido
1029,V8 engine
1030,Sailor Moon (character)
1031,Lamborghini Aventador
1032,Carp fishing
1033,Kirby (series)
1034,Banana
1035,Police car
1036,Laser lighting display
1037,Necklace
1038,
1039,WWE '13
1040,Mini (marque)
1041,Tanki Online
1042,Oil
1043,Radio-controlled boat
1044,Dinosaur
1045,Pie
1046,President of the United States
1047,NBA 2K14
1048,Labrador Retriever
1049,Blender
1050,Plarail
1051,Captain America
1052,Electric locomotive
1053,Street racing
1054,Need for Speed: Most Wanted (2005 video game)
1055,Canoe
1056,Golf club
1057,Sheep
1058,Bar
1059,CDJ
1060,Lace
1061,Gold
1062,Glove
1063,Halo: Combat Evolved
1064,Alphabet
1065,Fender Telecaster
1066,IPhone 3GS
1067,Beadwork
1068,Personal water craft
1069,Dietary supplement
1070,James Bond
1071,Ragnarok Online
1072,French braid
1073,Road racing
1074,Star
1075,Dean Winchester
1076,Snake
1077,Seed
1078,Christmas lights
1079,Plaster
1080,Trunks (Dragon Ball)
1081,Forage harvester
1082,Cartoon Network
1083,Honda CBR series
1084,Battlefield Hardline
1085,Tekken 6
1086,Glitter
1087,Ford Focus
1088,Roland V-Drums
1089,Ski-Doo
1090,Tyrannosaurus
1091,New Super Mario Bros.
1092,Cue sports
1093,Rainbow Loom
1094,Samsung Galaxy S III
1095,Glasses
1096,Italian cuisine
1097,RollerCoaster Tycoon 3
1098,Pig
1099,Lock (security device)
1100,The Lord of the Rings (film series)
1101,Military parade
1102,Elephant
1103,Pull-up (exercise)
1104,Eyelash extensions
1105,Ring (jewellery)
1106,Minivan
1107,Coca-Cola
1108,Mural
1109,Love song
1110,Portal 2
1111,Mortal Kombat (2011 video game)
1112,Yarn
1113,Pokémon Ruby and Sapphire
1114,Dragon Nest
1115,Japanese cuisine
1116,Resident Evil 5
1117,Jeans
1118,Map
1119,Pikachu
1120,Sun
1121,Pond
1122,Bulldog
1123,Greenhouse
1124,Škoda Auto
1125,Baby transport
1126,Apple
1127,The Doctor (Doctor Who)
1128,Turbine
1129,Naruto: Ultimate Ninja Storm
1130,Watch Dogs
1131,VHS
1132,Ariel (Disney)
1133,Sculpture
1134,Bulldozer
1135,Transformice
1136,Sushi
1137,Home run
1138,Fountain
1139,Slopestyle
1140,Fullmetal Alchemist
1141,Ultimate Marvel vs. Capcom 3
1142,Automotive lighting
1143,Lightsaber
1144,Chevrolet Silverado
1145,Honey
1146,Wangan Midnight
1147,Sword
1148,Toilet
1149,Super Mario Galaxy
1150,Akuma (Street Fighter)
1151,Shiva
1152,Bed
1153,Toy train
1154,Manufacturing
1155,Ram Trucks
1156,Stuffing
1157,Biscuit
1158,Kia Motors
1159,Spa
1160,Samsung Galaxy S II
1161,Demolition
1162,Airbus A330
1163,Breakfast
1164,Airbus A380
1165,Pancake
1166,Kawasaki Ninja
1167,Mitsubishi Lancer
1168,Mushroom
1169,Grand Theft Auto: The Lost and Damned
1170,Microsoft Flight Simulator
1171,Spacecraft
1172,Logo
1173,Stock car racing
1174,Goat
1175,Pool (cue sports)
1176,Assassin's Creed (video game)
1177,Majin Boo
1178,Vespa
1179,
1180,Samsung Galaxy S4
1181,Assassin's Creed IV: Black Flag
1182,Batman: Arkham City
1183,Monkey
1184,Death Note
1185,WWE 2K15
1186,Pumpkin
1187,Shopping mall
1188,Rose
1189,Cola
1190,Minnie Mouse
1191,Caporales
1192,Jet Ski
1193,World of Warcraft: Wrath of the Lich King
1194,Winter
1195,Prom
1196,Karaoke box
1197,Minibike
1198,RFactor
1199,Art exhibition
1200,Plush
1201,Chocolate cake
1202,Ford F-Series
1203,Soap
1204,Knuckles the Echidna
1205,Dump truck
1206,Giant panda
1207,Dance Dance Revolution
1208,Princess
1209,Street food
1210,Flashlight
1211,Animal Crossing
1212,Pilates
1213,Pipe band
1214,Toyota Land Cruiser
1215,Lara Croft
1216,Jumbotron
1217,Ferrari F430
1218,Cell (Dragon Ball)
1219,BMW 3 Series (E36)
1220,Injustice: Gods Among Us
1221,Dumbbell
1222,Samsung Galaxy Tab series
1223,Bodyweight exercise
1224,Penalty kick (association football)
1225,Lizard
1226,City
1227,Bionicle
1228,Kirby (character)
1229,WWE 2K14
1230,Pokémon Battle Revolution
1231,Sonic the Hedgehog (1991 video game)
1232,Alliance of Valiant Arms
1233,Racket (sports equipment)
1234,K-1
1235,Acer Inc.
1236,Recorder (musical instrument)
1237,Earring
1238,National park
1239,The Elder Scrolls IV: Oblivion
1240,Audi R8
1241,Clothes dryer
1242,Military band
1243,Silver
1244,Warcraft III: Reign of Chaos
1245,Classroom
1246,Samsung Galaxy S5
1247,Black cat
1248,Scarf
1249,Kratos (God of War)
1250,Skylanders
1251,Super Robot Wars
1252,Electric car
1253,Video lesson
1254,Smoking (cooking)
1255,Antenna (radio)
1256,Sonic Generations
1257,Butter
1258,Chess
1259,Hello Kitty
1260,Goldfish
1261,Carrot
1262,Blu-ray
1263,Squirrel
1264,Balloon (aeronautics)
1265,Microwave oven
1266,Range Rover
1267,Wool
1268,TalesRunner
1269,IPad Mini
1270,Pokémon Emerald
1271,Inflatable boat
1272,Bull riding
1273,Football boot
1274,Gears of War 2
1275,Bugatti Veyron
1276,Airbrush
1277,Brick
1278,Avengers (comics)
1279,Plants vs. Zombies 2: It's About Time
1280,United States Navy
1281,Ball (association football)
1282,Volkswagen Gol
1283,Yo-yo
1284,Forza Motorsport 4
1285,Logitech
1286,Shirt
1287,Golden Retriever
1288,Alarm device
1289,Water slide
1290,Paramotor
1291,Fondant icing
1292,Acrobatic gymnastics
1293,Coach (sport)
1294,The Witcher 3: Wild Hunt
1295,Tabla
1296,Kinect
1297,Zee Bangla
1298,
1299,Cabinetry
1300,Quilt
1301,Claw crane
1302,Spyro (series)
1303,Yoshi
1304,Tekken Tag Tournament 2
1305,Diamond
1306,Samsung Galaxy S series
1307,BMW 3 Series (E46)
1308,Tiger
1309,Number
1310,Traffic
1311,Metalworking
1312,Haruhi Suzumiya
1313,Gown
1314,Luxury yacht
1315,Yuna (Final Fantasy)
1316,Station wagon
1317,Softball
1318,The Legend of Zelda: Twilight Princess HD
1319,Dungeon Fighter Online
1320,Plasticine
1321,LG Optimus series
1322,Source (game engine)
1323,Battlefield 2
1324,BMW 3 Series (E30)
1325,Ink
1326,Half-Life 2
1327,Hitman (series)
1328,Inline skates
1329,Remote control
1330,Mercedes-Benz C-Class
1331,The Sims 4
1332,Harlem Shake (meme)
1333,Magic Kingdom
1334,Dune
1335,Prince of Persia
1336,Final Fantasy XIV
1337,Marvel Universe
1338,Draco Malfoy
1339,Ram Pickup
1340,DC Universe Online
1341,Assassin's Creed II
1342,Mars
1343,Xylophone
1344,Dragon Age: Inquisition
1345,Game Boy
1346,Carpet
1347,Roxas (Kingdom Hearts)
1348,Balance beam
1349,Mass Effect 2
1350,Dragon Ball Xenoverse
1351,Call of Duty: Black Ops – Zombies
1352,Cadillac
1353,Guinea pig
1354,The Hobbit (film series)
1355,Need for Speed: World
1356,Pastry
1357,Chapel
1358,Rayman
1359,Armour
1360,Mouse
1361,Assassin's Creed: Brotherhood
1362,Lord Voldemort
1363,Magnet
1364,The Sims (video game)
1365,Rubber band
1366,Grocery store
1367,Reborn doll
1368,Ford GT
1369,WWE '12
1370,PlanetSide 2
1371,Jaguar Cars
1372,Volvo Cars
1373,Jeep Cherokee (SJ)
1374,Homer Simpson
1375,USB flash drive
1376,Torero
1377,Persona (series)
1378,Model railroad layout
1379,Buttercream
1380,Serve (tennis)
1381,Ferrari 458
1382,Honda Accord
1383,Chevrolet Impala
1384,Command & Conquer
1385,Warframe
1386,Chrysler (brand)
1387,Standup paddleboarding
1388,Pretty Cure
1389,Campsite
1390,Final Fantasy VIII
1391,Audi A4
1392,Sailing ship
1393,Rafting
1394,Custom car
1395,Belle (Disney)
1396,Rowing (sport)
1397,Jeep Grand Cherokee
1398,Wire
1399,BMW M5
1400,Hula hoop
1401,Pinball
1402,Spaghetti
1403,Monster Hunter Freedom Unite
1404,Far Cry 4
1405,Pro Evolution Soccer 2015
1406,Test Drive (series)
1407,Motorcycle helmet
1408,Router (woodworking)
1409,Cave
1410,Cheesecake
1411,Birthday cake
1412,Suzuki Jimny
1413,New Super Mario Bros. Wii
1414,Ezio Auditore da Firenze
1415,Fisherman
1416,Mime artist
1417,Roller skates
1418,Pump It Up (video game series)
1419,Dissidia Final Fantasy
1420,Supercharger
1421,Gemstone
1422,Titanfall
1423,Downhill
1424,Medal
1425,Garbage truck
1426,Forehand
1427,Heroes of Newerth
1428,Plastic
1429,
1430,Astronaut
1431,Guitar Hero World Tour
1432,ArcheAge
1433,Lowrider
1434,Police dog
1435,Toyota Corolla
1436,Ford Fiesta
1437,Helmet camera
1438,Cabal Online
1439,Assassin's Creed Unity
1440,Ceramic
1441,Kidō Senshi Gundam: Senjō no Kizuna
1442,Hot air balloon
1443,Shower
1444,Donald Duck
1445,Multi Theft Auto
1446,Rock Band 3
1447,Porsche 911 GT3
1448,Stick figure
1449,Sled
1450,Lemon
1451,Frog
1452,Mexican Creole hairless pig
1453,Forklift
1454,Dog agility
1455,Kettlebell
1456,Shelby Mustang
1457,Candle
1458,Bowling (cricket)
1459,Kick (football)
1460,Electric vehicle
1461,Oboe
1462,Desktop computer
1463,Wing Chun
1464,Statue
1465,DayZ (mod)
1466,Eagle
1467,Fire station
1468,Nike Air Max
1469,Rage (video game)
1470,Woodturning
1471,Fireplace
1472,Volkswagen Jetta
1473,Madison Square Garden
1474,Fly tying
1475,Spore (2008 video game)
1476,Hammond organ
1477,Sam Winchester
1478,The Pink Panther
1479,Saints Row: The Third
1480,Cherry blossom
1481,Doraemon
1482,WWE action figures
1483,Marvel vs. Capcom 3: Fate of Two Worlds
1484,Bugatti Automobiles
1485,Fire Emblem
1486,Border Collie
1487,Aircraft carrier
1488,Snow blower
1489,Culinary art
1490,Ken Masters
1491,Seafight
1492,Sport bike
1493,Dentist
1494,Easter egg (media)
1495,Joystick
1496,Tuna
1497,Crysis 2
1498,Audi Quattro
1499,Academy Awards
1500,Ponytail
1501,Ramen
1502,Hummer
1503,Fishing tackle
1504,Final Fantasy X-2
1505,Coupon
1506,Porsche Carrera
1507,Wood carving
1508,Rocksmith
1509,Wallet
1510,Refrigerator
1511,Koi
1512,Battlefield Heroes
1513,Phonograph
1514,Onion
1515,Biceps curl
1516,Trainz
1517,Hat
1518,Jubeat
1519,Nissan Skyline GT-R
1520,Mattel
1521,GameCube
1522,LittleBigPlanet 2
1523,Epiphone
1524,Inazuma Eleven
1525,Soft tennis
1526,Killer whale
1527,Hair straightening
1528,Merienda
1529,The Witcher (video game)
1530,Skate (video game)
1531,Live for Speed
1532,Rooster
1533,Chihuahua (dog)
1534,Triangle
1535,Land Rover Defender
1536,Marvel Legends
1537,Trousers
1538,SD Gundam Capsule Fighter
1539,Ratchet & Clank
1540,Doughnut
1541,Hatsune Miku: Project DIVA F
1542,Bouzouki
1543,Domestic canary
1544,Half-Life (video game)
1545,Raven (comics)
1546,Black Butler
1547,Mario Kart 8
1548,Chili pepper
1549,BMW 5 Series
1550,Hail
1551,Ouran High School Host Club
1552,Brain
1553,Chinese cuisine
1554,Playmobil
1555,Model building
1556,Ribbon
1557,Pit bike
1558,Sonic Unleashed
1559,Solar panel
1560,Orange (fruit)
1561,Otis Elevator Company
1562,Mu Online
1563,Hang gliding
1564,Path of Exile
1565,Animal Crossing: New Leaf
1566,Steel guitar
1567,Sword Art Online
1568,Lego Ninjago
1569,Paddle
1570,Second Life
1571,Aikatsu!
1572,IPhone 5C
1573,Gothic (series)
1574,Batman: Arkham Asylum
1575,Carburetor
1576,Crab
1577,Espresso machine
1578,The Phantom of the Opera (1986 musical)
1579,Hellsing
1580,Spider
1581,Super Mario Galaxy 2
1582,Duel Masters Trading Card Game
1583,Drywall
1584,Laundry
1585,United States Air Force
1586,Assassin's Creed: Revelations
1587,Corel
1588,Omelette
1589,Composer
1590,Ford Escort (Europe)
1591,Grape
1592,Honda CB600F
1593,Tea
1594,Elmo
1595,Temple
1596,Need for Speed: Carbon
1597,Catamaran
1598,Perfect World (company)
1599,Skate 3
1600,Missile
1601,Infomercial
1602,Chevrolet Chevelle
1603,Airport terminal
1604,Crysis (video game)
1605,StepMania
1606,Red Dead Redemption
1607,Atari
1608,Couch
1609,The Idolmaster
1610,Beatmania IIDX
1611,Big wave surfing
1612,Tokyo Mew Mew
1613,Wheat
1614,Warhammer Fantasy Battle
1615,Rock (geology)
1616,Snowplow
1617,Submarine
1618,Doctor Eggman
1619,Wood flooring
1620,Bangs (hair)
1621,Yamaha YZF-R6
1622,Pontiac Firebird
1623,Red Dead
1624,Field hockey
1625,Vineyard
1626,Waterfowl hunting
1627,Domestic pigeon
1628,Toyota Hilux
1629,CNET
1630,Preacher
1631,Sonic Adventure
1632,Lamborghini Murciélago
1633,Marinera
1634,Screen printing
1635,Crazyracing Kartrider
1636,The Legend of Zelda: Majora's Mask
1637,Sunglasses
1638,Log cabin
1639,Fungus
1640,Wedding photography
1641,Flag
1642,Devil May Cry 4
1643,Cappuccino
1644,Flamenco guitar
1645,Projector
1646,Rock dove
1647,The Elder Scrolls Online
1648,LittleBigPlanet (2008 video game)
1649,Digital video recorder
1650,Djembe
1651,Vending machine
1652,Mehndi
1653,Telescope
1654,Flyff
1655,Pattern (sewing)
1656,Stairs
1657,Nissan 350Z
1658,Cell (biology)
1659,Need for Speed: Underground 2
1660,Incandescent light bulb
1661,Gallon
1662,Greeting card
1663,Balloon modelling
1664,Sensor
1665,Realm of the Mad God
1666,Nest
1667,Writing
1668,Logic Pro
1669,Opel Astra
1670,Campervan
1671,Cooked rice
1672,Muffin
1673,Wind power
1674,Hedgehog
1675,Soft drink
1676,Calculator
1677,Harness racing
1678,Buick
1679,Beast (Disney)
1680,Destroyer
1681,Point guard
1682,Forza Horizon
1683,Mercedes-Benz SLS AMG
1684,Supermarket
1685,Catfish
1686,Final Fantasy XI
1687,The Last of Us
1688,Battleship
1689,Dodge Challenger
1690,Peter Pan
1691,Metal Gear Solid 4: Guns of the Patriots
1692,Toyota 86
1693,Bakery
1694,Compact disc
1695,Backhoe
1696,Saddle
1697,Total Drama Island
1698,Erhu
1699,Bumblebee (Transformers)
1700,Cajón
1701,Beatmania
1702,Ice rink
1703,Child safety seat
1704,Honda S2000
1705,Samsung Galaxy Note II
1706,Higurashi When They Cry
1707,Union Pacific Railroad
1708,BMW 3 Series (E90)
1709,V6 engine
1710,BlazBlue
1711,Rottweiler
1712,Necktie
1713,Image scanner
1714,White-tailed deer
1715,TV4 (Sweden)
1716,Bishop
1717,Need for Speed: Hot Pursuit (2010 video game)
1718,Princess Peach
1719,Rust (video game)
1720,Doom (1993 video game)
1721,Fender Custom Shop
1722,Smite (video game)
1723,Nissan Silvia
1724,
1725,Pudding
1726,Sephiroth (Final Fantasy)
1727,Irish dance
1728,MacBook Air
1729,Commodore 64
1730,IMac
1731,Space Shuttle
1732,Automobile repair shop
1733,Collie
1734,Dragon Age: Origins
1735,Sangokushi Taisen
1736,Calligraphy
1737,Black belt (martial arts)
1738,
1739,Valve
1740,Crisis Core: Final Fantasy VII
1741,Two-stroke engine
1742,Killzone (series)
1743,Full moon
1744,Hunter × Hunter
1745,New York City Subway
1746,Latte
1747,Mercedes-Benz S-Class
1748,Tetris
1749,Samurai
1750,Predator (alien)
1751,Arabian horse
1752,Mercedes-Benz E-Class
1753,Spinach
1754,Dōjinshi
1755,Polar bear
1756,Body piercing
1757,Amazon Kindle
1758,Biology
1759,Key (lock)
1760,Mobile Suit Gundam: Extreme Vs.
1761,Rappelz
1762,Bobber (motorcycle)
1763,Toy balloon
1764,Mexican cuisine
1765,Rope
1766,Taco
1767,Taxicab
1768,Infestation: Survivor Stories
1769,Clutch
1770,PlayStation Network
1771,Garage (residential)
1772,Milkshake
1773,Cloud Strife
1774,Honda Integra
1775,Eintopf
1776,Primary school
1777,Kingdom Hearts Birth by Sleep
1778,Resident Evil (1996 video game)
1779,Foal
1780,GameSpot
1781,Castle
1782,Human hair color
1783,Scorpion (Mortal Kombat)
1784,Poultry
1785,Poodle
1786,Vans
1787,Forza Horizon 2
1788,Zero (Mega Man)
1789,Toyota Camry
1790,Chemical reaction
1791,Test Drive Unlimited 2
1792,Bacon
1793,Mario Party
1794,18 Wheels of Steel
1795,Goose
1796,Sausage
1797,Compost
1798,Cucumber
1799,French horn
1800,Analog synthesizer
1801,Siamese fighting fish
1802,
1803,Las Vegas Strip
1804,Crysis 3
1805,School bus
1806,Oculus Rift
1807,Carnival Cruise Line
1808,Honda CBR600RR
1809,Pokémon Red and Blue
1810,Autobot
1811,Christ (title)
1812,Cockatiel
1813,Ace Combat
1814,Mazda MX-5
1815,Countertop
1816,Safari
1817,Final Fantasy XIV: A Realm Reborn
1818,Track (rail transport)
1819,Ganon
1820,Two-wheel tractor
1821,
1822,Watermelon
1823,Paper plane
1824,Rainbow trout
1825,
1826,Tony Hawk's (series)
1827,Korean cuisine
1828,Lip balm
1829,Angry Birds (video game)
1830,Lead guitar
1831,Pug
1832,Monster Hunter Tri
1833,Playground
1834,God of War III
1835,Herd
1836,Niko Bellic
1837,Bungee jumping
1838,Soil
1839,Subway Surfers
1840,Hindu temple
1841,Audi A6
1842,Hogwarts
1843,Eggplant
1844,Mabinogi (video game)
1845,Sugar
1846,Makeup brush
1847,Rocksmith 2014
1848,Ocean
1849,Asphalt (series)
1850,Dental braces
1851,Bob cut
1852,Nissan 240SX
1853,Cement
1854,Sharpening
1855,Leopard
1856,United States Army
1857,Tom and Jerry
1858,Xbox 360 controller
1859,Dragon Ball: Raging Blast 2
1860,Winnie the Pooh (franchise)
1861,Trophy
1862,Inazuma Eleven (manga)
1863,Owl
1864,Street Fighter II: The World Warrior
1865,Golf ball
1866,Floyd Mayweather Jr. vs. Manny Pacquiao
1867,Belt (clothing)
1868,Slender: The Eight Pages
1869,Test Drive Unlimited
1870,Super Mario Bros. 3
1871,Power supply
1872,Retail
1873,Venom (comics)
1874,IPad (3rd generation)
1875,Teddy bear
1876,Denim
1877,Baseball bat
1878,Halo 3: ODST
1879,Train Simulator (Dovetail Games)
1880,Bowhunting
1881,Lotus Cars
1882,Pineapple
1883,Boeing 737 Next Generation
1884,Audi A3
1885,Dreamcast
1886,City-building game
1887,Diablo II
1888,Suzuki Hayabusa
1889,Gamepad
1890,Electrical wiring
1891,Kitchen stove
1892,Yamaha Aerox
1893,Monster Hunter Portable 3rd
1894,BMX racing
1895,Katara (Avatar: The Last Airbender)
1896,HP Pavilion (computer)
1897,Emirates (airline)
1898,Amiga
1899,Touchscreen
1900,Winter storm
1901,Driver (video game series)
1902,Pac-Man
1903,Fantage
1904,Land Rover Discovery
1905,Flash (photography)
1906,Human back
1907,Intermodal container
1908,Infiniti
1909,Guilty Gear
1910,Animal shelter
1911,Butterfly
1912,Piccolo (Dragon Ball)
1913,Bicycle frame
1914,Boeing 787 Dreamliner
1915,Toontown Online
1916,Renault Mégane
1917,Age of Empires
1918,Canyon
1919,Ski jumping
1920,Lumber
1921,Carousel
1922,Phantasy Star Online 2
1923,Dodge Viper
1924,Madden NFL 13
1925,A-18 Hornet
1926,String trimmer
1927,Mattress
1928,Mixer (cooking)
1929,Sub-Zero (Mortal Kombat)
1930,Ford Ranger (North America)
1931,ESPN
1932,ABS-CBN News and Current Affairs
1933,Synchronised swimming
1934,G-Shock
1935,
1936,Angel
1937,Champion
1938,Horse show
1939,
1940,Rurouni Kenshin
1941,Halo 5: Guardians
1942,Coconut
1943,Deep frying
1944,Dollhouse
1945,Campus
1946,Volkswagen Golf Mk6
1947,Curtain
1948,Mountain pass
1949,Dojo
1950,Boiler
1951,PRS Guitars
1952,Diesel locomotive
1953,Monster Hunter 4
1954,French Bulldog
1955,Prince (Prince of Persia)
1956,Fixed-gear bicycle
1957,Ninja Gaiden
1958,Samsung Galaxy Note 3
1959,Opel Corsa
1960,Jack Sparrow
1961,Boeing 767
1962,Lexus IS
1963,Tales of Symphonia
1964,Autumn
1965,Inline skating
1966,Filter (aquarium)
1967,Naruto Shippuden: Ultimate Ninja Storm Generations
1968,Garmon
1969,Flower bouquet
1970,SimCity
1971,Gravy
1972,Bully (video game)
1973,French fries
1974,Kawasaki Ninja 250R
1975,Rock fishing
1976,Batman: Arkham Origins
1977,Ceiling fan
1978,Audi TT
1979,"Space Marines (Warhammer 40
1980,Acer Aspire
1981,D.Gray-man
1982,Duct tape
1983,Electromagnetic coil
1984,Heroes of the Storm
1985,Tom Clancy's Ghost Recon
1986,Sponge cake
1987,Steelpan
1988,Modem
1989,The King of Fighters 2002
1990,Dying Light
1991,Need for Speed: Shift
1992,Riot Games
1993,Rainbow
1994,Bean
1995,Chevrolet Opala
1996,Reborn!
1997,Floral design
1998,Megatron
1999,Kawasaki Ninja ZX-6R
2000,Agriculture
2001,Cottage
2002,Television presenter
2003,Metal Gear Solid V: The Phantom Pain
2004,Juicing
2005,BioShock
2006,Plymouth (automobile)
2007,Crêpe
2008,Fist of the North Star
2009,The Legend of Zelda: The Wind Waker
2010,X-Men
2011,Piston
2012,Deck (building)
2013,Nativity scene
2014,Sega Saturn
2015,Stardoll
2016,Just Dance (video game)
2017,Chun-Li
2018,BMW R1200GS
2019,LG G3
2020,Fisheye lens
2021,Dragon Ball: Raging Blast
2022,Big Boss (Metal Gear)
2023,Dam
2024,Gel
2025,JBL
2026,Dachshund
2027,Bane (comics)
2028,E-reader
2029,The Lord of the Rings Online
2030,Ferb Fletcher
2031,Yeast
2032,Monastery
2033,Vampire Knight
2034,Vodka
2035,IPhone 3G
2036,Tricycle
2037,Metal Slug (series)
2038,Steel
2039,LED lamp
2040,Geometry Dash
2041,Dominoes
2042,Gibson Les Paul Custom
2043,Street Fighter III: 3rd Strike
2044,Hay
2045,Honda CR-X
2046,Spray painting
2047,Flip Video
2048,Bald eagle
2049,God of War II
2050,Clay animation
2051,Tomato sauce
2052,Clone trooper
2053,Beagle
2054,Popcorn
2055,Rubber stamp
2056,Clannad (visual novel)
2057,Fried rice
2058,Moto G (1st generation)
2059,Toyota Prius
2060,Mega Man Battle Network
2061,Doom II: Hell on Earth
2062,Grand Theft Auto: Vice City Stories
2063,Deadpool
2064,Phantasy Star
2065,Lock picking
2066,Sugar paste
2067,Chevrolet Caprice
2068,
2069,Herb
2070,The Legend of Zelda: Skyward Sword
2071,Domesticated turkey
2072,Final Fantasy VI
2073,BMW S1000RR
2074,Mitsubishi Pajero
2075,Mazda3
2076,IKEA
2077,Chevrolet S-10
2078,Paper Mario
2079,India TV
2080,Tow truck
2081,Orochimaru (Naruto)
2082,Ape
2083,Line (geometry)
2084,Kawasaki Ninja ZX-10R
2085,Aerosol spray
2086,Power supply unit (computer)
2087,Zucchini
2088,Doberman Pinscher
2089,Wolfenstein (series)
2090,Contortion
2091,Fertilizer
2092,Cooler Master
2093,Highway
2094,Chocolate brownie
2095,Street Fighter III
2096,Tsubasa: Reservoir Chronicle
2097,Parking
2098,Olaf (Disney)
2099,Frets on Fire
2100,Multi-function printer
2101,Suzuki GSX-R1000
2102,Lush (company)
2103,Hang (instrument)
2104,Nexus 7 (2012)
2105,Skyscraper
2106,Gorilla
2107,Ōendan
2108,Puff pastry
2109,Crossbow
2110,Forza Motorsport 5
2111,Uncharted 2: Among Thieves
2112,Pokémon Mystery Dungeon
2113,Closet
2114,
2115,Daytona International Speedway
2116,VTEC
2117,Cheerleading
2118,Slot car
2119,Garden railway
2120,Albert Wesker
2121,Naruto Shippuden: Ultimate Ninja Storm 2
2122,Sewing needle
2123,Trials (series)
2124,Sheriff Woody
2125,K
2126,Straw
2127,Mitsubishi Eclipse
2128,Frisbee
2129,TrackMania
2130,Manure
2131,Chocolate chip
2132,Cart
2133,Borderlands: The Pre-Sequel
2134,Diving
2135,Wood-burning stove
2136,Medal game
2137,Chrono Trigger
2138,Sherlock Holmes
2139,Library
2140,Volkswagen Golf Mk2
2141,Guzheng
2142,Malinois dog
2143,Goofy
2144,Pedal steel guitar
2145,Virtua Fighter 5
2146,Lego Marvel Super Heroes
2147,Kantai Collection
2148,Electric violin
2149,Firewood
2150,Devil May Cry 3: Dante's Awakening
2151,Digital painting
2152,Flair bartending
2153,Boxer (dog)
2154,Melon
2155,Low-carbohydrate diet
2156,Škoda Octavia
2157,The Crew (video game)
2158,Unicycle
2159,GAZ
2160,Gummy bear
2161,Marker pen
2162,Need for Speed: The Run
2163,Dead Space (2008 video game)
2164,Duke Nukem
2165,Dirt 3
2166,Movie theater
2167,Final Fantasy XIII-2
2168,Comet
2169,WWE SmackDown vs. Raw 2010
2170,Gran Turismo 4
2171,Star Wars: Battlefront II
2172,Lamb and mutton
2173,Ant
2174,Loki (comics)
2175,Percy the Small Engine
2176,Villain
2177,Plumbing
2178,Avocado
2179,BioShock Infinite
2180,Dormitory
2181,Mango
2182,Lucky Star (manga)
2183,Shadow the Hedgehog (video game)
2184,Cabbage
2185,Peanut butter
2186,Didgeridoo
2187,Hard Rock Cafe
2188,Donkey Kong Country
2189,Amazon.com
2190,Star Wars Battlefront (2015 video game)
2191,Harpsichord
2192,Aston Martin Vantage (2005)
2193,Suzuki Swift
2194,Crocodile
2195,Jet engine
2196,Sonic the Hedgehog 2
2197,Delta Air Lines
2198,Harry Potter and the Deathly Hallows
2199,Trunk (car)
2200,Zangief
2201,Brave Frontier
2202,Chuck E. Cheese's
2203,Iori Yagami
2204,Robotics
2205,Kebab
2206,Cheeseburger
2207,Hatsune Miku: Project DIVA F 2nd
2208,Humbucker
2209,Camcorder
2210,Mega Man X (video game)
2211,Landscape
2212,Shih Tzu
2213,Volkswagen Golf Mk4
2214,Pollution
2215,Guppy
2216,Coffeehouse
2217,Killer Instinct
2218,Crusher
2219,Allods Online
2220,
2221,Boeing 757
2222,Eclipse
2223,Meatball
2224,Saints Row 2
2225,Roulette
2226,Grand Theft Auto: Liberty City Stories
2227,Walleye
2228,Walmart
2229,Bearing (mechanical)
2230,Forest
2231,Forever 21
2232,Canvas
2233,Rat rod
2234,Soulcalibur V
2235,Sonic the Hedgehog (2006 video game)
2236,Multirotor
2237,
2238,LG G2
2239,Moisturizer
2240,Halo: The Master Chief Collection
2241,SEAT León
2242,Skylanders: Swap Force
2243,Pan flute
2244,Chevrolet Tahoe
2245,Metal Gear Online
2246,Fiat 126
2247,Mount & Blade: Warband
2248,Kennel
2249,Vibraphone
2250,Satellite
2251,Yamaha Raptor 700R
2252,Sonic & Knuckles
2253,Honda Fit
2254,Caridea
2255,Armored Core
2256,Bull Terrier
2257,Firefighting
2258,Catwoman
2259,Octopus
2260,Fencing
2261,Sitar
2262,Limousine
2263,Nintendo DSi
2264,HTC One (M8)
2265,McDonnell Douglas F-15 Eagle
2266,Rat
2267,GoldenEye 007 (1997 video game)
2268,Gasoline
2269,Ken (doll)
2270,Quadracycle
2271,Dead or Alive (series)
2272,Microsoft Surface
2273,Scooby-Doo
2274,Landscape painting
2275,Toyota Land Cruiser Prado
2276,Hair removal
2277,Sink
2278,Mount & Blade
2279,BMW 5 Series (E39)
2280,Mewtwo
2281,Mambo (music)
2282,The Witcher 2: Assassins of Kings
2283,North American P-51 Mustang
2284,Alien (creature in Alien franchise)
2285,Cloud
2286,Forge
2287,Christian Church
2288,Tom Clancy's Rainbow Six
2289,Mirror
2290,Chevrolet Big-Block engine
2291,Chevrolet Corvette (C6)
2292,Abarth
2293,Mazda RX-8
2294,Pendant
2295,Metal Gear Solid 3: Snake Eater
2296,Buffet
2297,Haunted house
2298,Cockatoo
2299,Royal Air Force
2300,The Embodiment of Scarlet Devil
2301,LG G series
2302,Fishing vessel
2303,DualShock
2304,Sonic Heroes
2305,Drawer (furniture)
2306,BMW 1 Series
2307,Werewolf
2308,DatPiff
2309,Koi pond
2310,Toyota Celica
2311,Twelve-string guitar
2312,Potato chip
2313,Stargate
2314,Killer Instinct (2013 video game)
2315,Caramel
2316,Sprite (computer graphics)
2317,NHL 14
2318,Ham
2319,Sky
2320,Sweater
2321,Chocolate chip cookie
2322,stay night
2323,Text (literary theory)
2324,Skate 2
2325,Engraving
2326,Final Fantasy XV
2327,Cornrows
2328,Light Yagami
2329,Floristry
2330,Sly Cooper
2331,Volkswagen Golf Mk5
2332,Snowman
2333,
2334,Vox (musical equipment)
2335,Happy Farm
2336,Orc
2337,Suit (clothing)
2338,PC game
2339,Ace Online
2340,Saints Row IV
2341,Slingshot
2342,Dead Island
2343,Ratchet (Ratchet & Clank)
2344,Gears of War: Judgment
2345,Dragon Quest X
2346,Furby
2347,Crayon Shin-chan
2348,Soprano saxophone
2349,Tifa Lockhart
2350,European perch
2351,Patio
2352,Fried chicken
2353,Sawmill
2354,Mirror's Edge
2355,Canon PowerShot
2356,Guitar Hero: Warriors of Rock
2357,Rome: Total War
2358,Hummer H2
2359,Radar
2360,Final Fantasy IV
2361,Table saw
2362,Barista
2363,BMW 7 Series
2364,Camel
2365,Windows Media Video
2366,Felt
2367,Audi S4
2368,Cowboy
2369,Molding (process)
2370,Contact lens
2371,Fiat Punto
2372,The Hobbit
2373,Indoor cycling
2374,Sunset
2375,
2376,Persian cat
2377,Hitman: Absolution
2378,Battlefield: Bad Company
2379,Eren Yeager
2380,Sinterklaas
2381,Crash Bandicoot (video game)
2382,Midnight Club: Los Angeles
2383,Metal Gear Rising: Revengeance
2384,Hand-to-hand combat
2385,Avon Products
2386,Log splitter
2387,Stormtrooper (Star Wars)
2388,Epic Rap Battles of History
2389,Shed
2390,Walking
2391,Belt (mechanical)
2392,Hot dog
2393,Sock
2394,Chicken coop
2395,Humpback whale
2396,Character (arts)
2397,Peugeot 106
2398,Toast
2399,Princess Jasmine
2400,Exercise ball
2401,Fox
2402,Green Lantern
2403,Looney Tunes
2404,Wedding ring
2405,Tap (valve)
2406,Charizard
2407,Mii
2408,Rolls-Royce Limited
2409,Copic
2410,Mega Man Zero (video game)
2411,Jak and Daxter
2412,Priston Tale
2413,Glacier
2414,IPod Nano
2415,Banknote
2416,Mario & Sonic at the Olympic Games
2417,Hero Factory
2418,Bamboo
2419,Fillet (cut)
2420,Stencil
2421,Winch
2422,Dogfight
2423,Treadmill
2424,Bassoon
2425,Staffordshire Bull Terrier
2426,Cardboard
2427,Epiphone Les Paul
2428,Compact Cassette
2429,Gelatin
2430,White House
2431,Suitcase
2432,MX vs. ATV
2433,Clank (Ratchet & Clank)
2434,Beach volleyball
2435,Loadout
2436,Batter (cooking)
2437,Zack Fair
2438,Cliff
2439,Baggage
2440,Cream cheese
2441,Lantern
2442,Naruto: Clash of Ninja
2443,Treasure
2444,Raccoon
2445,Mini 4WD
2446,Robotic vacuum cleaner
2447,Gate
2448,Ribs (food)
2449,Oatmeal
2450,Water filter
2451,Super Mario Sunshine
2452,Animal Crossing: City Folk
2453,Driver's license
2454,Asus ZenFone
2455,American black bear
2456,Little Red Riding Hood
2457,
2458,Stable
2459,Gashapon
2460,Need for Speed: Underground
2461,Dishwasher
2462,Frying pan
2463,Schutzhund
2464,Mario Kart 7
2465,Disney Infinity
2466,Saab Automobile
2467,F-Zero
2468,Halloween costume
2469,Thor (Marvel Comics)
2470,Foam
2471,Tokyo Ghoul
2472,Chevrolet Monte Carlo
2473,Flush toilet
2474,Axe
2475,Worms (series)
2476,Marble
2477,Driver's education
2478,Madden NFL 12
2479,Pressure washing
2480,Christmas ornament
2481,Buffalo wing
2482,Duct (flow)
2483,Indiana Jones
2484,Chart
2485,Yoshi's Island
2486,Subaru Forester
2487,Scar (The Lion King)
2488,Mousse
2489,Lalaloopsy
2490,Micropterus
2491,Gibson SG
2492,Express train
2493,Citroën C4
2494,Submission wrestling
2495,Broccoli
2496,Donkey Kong Country 2: Diddy's Kong Quest
2497,Barrel organ
2498,Mega Man 2
2499,Dragon boat
2500,New Super Mario Bros. U
2501,Gecko
2502,Pillow
2503,Kemenche
2504,Porsche Cayenne
2505,
2506,Shift 2: Unleashed
2507,Bomberman
2508,Dungeons & Dragons
2509,BeamNG.drive
2510,AdventureQuest
2511,Mario Kart 64
2512,Disc brake
2513,Bloons Tower Defense
2514,Forza Motorsport 3
2515,Guitar Center
2516,Super Smash Bros. (video game)
2517,Fiat Uno
2518,Printed circuit board
2519,Porcelain
2520,E-book
2521,Macaroni
2522,Lego Friends
2523,Max Payne 3
2524,StarCraft II: Heart of the Swarm
2525,Medal of Honor: Warfighter
2526,Kamaz
2527,Air France
2528,Porsche Carrera GT
2529,Black Rock Shooter
2530,Rosary
2531,Halo Wars
2532,Car dealership
2533,"Toys ""R"" Us"
2534,Total War: Rome II
2535,Need for Speed: ProStreet
2536,Mansion
2537,Cheetah
2538,Marshmallow
2539,Shorts
2540,Unturned
2541,Charango
2542,Lithium polymer battery
2543,Sea turtle
2544,Vatican City
2545,Starbucks
2546,Emergency vehicle lighting
2547,Volkswagen Golf Mk1
2548,Lupin the Third
2549,Pearl
2550,Wii Sports
2551,Hero
2552,Chrysler 300
2553,GMC (automobile)
2554,Charm bracelet
2555,Kamen Rider Battle: Ganbaride
2556,Ys (series)
2557,Asus Eee Pad Transformer
2558,BMW 5 Series (E60)
2559,Ford Mustang SVT Cobra
2560,Autocross
2561,Royal icing
2562,Laboratory
2563,Peugeot 206
2564,Maltese (dog)
2565,Soulcalibur IV
2566,Wardrobe
2567,Garlic
2568,Tugboat
2569,Luke Skywalker
2570,Electronic circuit
2571,Coat (clothing)
2572,Passenger
2573,
2574,Cactus
2575,Ford Crown Victoria
2576,Elfen Lied
2577,Circular saw
2578,Radha
2579,Welsh Corgi
2580,Eiffel Tower
2581,Softail
2582,Bajo sexto
2583,Lobster
2584,Colt (horse)
2585,Solar eclipse
2586,Greyhound
2587,Pepsi
2588,Black Widow (Natasha Romanova)
2589,Virtua Fighter
2590,Filly
2591,Canning
2592,Fat
2593,Goth subculture
2594,Slow cooker
2595,Lightning (Final Fantasy)
2596,Water polo
2597,Apple pie
2598,Inkjet printing
2599,Mercedes-Benz SLK-Class
2600,Bandsaw
2601,Cammy
2602,Fight Night (EA video game series)
2603,Tortoise
2604,Multicooker
2605,Ferret
2606,Dipping sauce
2607,Circle
2608,Rocket launch
2609,Pembroke Welsh Corgi
2610,Cold porcelain
2611,Battlefield Play4Free
2612,ThinkPad
2613,BMW X6
2614,
2615,Sony Xperia Z
2616,Selfie
2617,Mahjong
2618,Cherry
2619,IPod Touch (5th generation)
2620,Colin McRae: Dirt 2
2621,Tekken 5
2622,Shawl
2623,Ultron
2624,Guitar pick
2625,Elk
2626,Sunrise
2627,Amusement arcade
2628,Hammock
2629,Decoupage
2630,Mug
2631,Sander
2632,Autogyro
2633,Woodchipper
2634,Texas Instruments
2635,Baby Alive
2636,Tarantula
2637,Shrub
2638,Donkey Kong (video game)
2639,Coating
2640,Steirische Harmonika
2641,Racing wheel
2642,Raphael (Teenage Mutant Ninja Turtles)
2643,Bank
2644,Opel Vectra
2645,Skull
2646,Sand art and play
2647,Birth
2648,Lasagne
2649,Infinity Ward
2650,Philippine cuisine
2651,Custard
2652,Lettuce
2653,Megami Tensei
2654,Flappy Bird
2655,Sleeping Dogs (video game)
2656,Fender Jazz Bass
2657,Devil Kings
2658,Blouse
2659,Notebook
2660,Aloe vera
2661,Funko
2662,Lelouch Lamperouge
2663,Macramé
2664,Casserole
2665,Capacitor
2666,I Wanna Be the Guy
2667,Hose
2668,Subaru Legacy
2669,Star Citizen
2670,Sabian
2671,Ventriloquism
2672,Call of Duty (video game)
2673,Kindle Fire
2674,Starfire (Koriand'r)
2675,Zeus
2676,Microscope
2677,Basket
2678,Coyote
2679,Bart Simpson
2680,Volvo FH
2681,Spinnerbait
2682,Honda CR-V
2683,Sony Xperia Z1
2684,Satan
2685,Mercedes-Benz Sprinter
2686,Team roping
2687,Jeep Cherokee (XJ)
2688,Friendship bracelet
2689,Leonardo (Teenage Mutant Ninja Turtles)
2690,Single track (mountain biking)
2691,Chickpea
2692,Vegetable carving
2693,
2694,Spark plug
2695,Akita (dog)
2696,Canoeing
2697,Recumbent bicycle
2698,Boom Beach
2699,Puppetry
2700,Sport stacking
2701,Kendama
2702,Punching bag
2703,Staples Center
2704,Marvel vs. Capcom 2: New Age of Heroes
2705,Apple TV
2706,Davul
2707,Scratchcard
2708,Disgaea
2709,Larva
2710,Used car
2711,DmC: Devil May Cry
2712,Kyo Kusanagi
2713,Mega Man (video game)
2714,K'Nex
2715,Burger King
2716,Dungeon crawl
2717,Pro Evolution Soccer 2009
2718,Blueberry
2719,Village
2720,Convenience store
2721,Golf cart
2722,BMW M6
2723,Fiber
2724,Resistance (series)
2725,Picture frame
2726,Trouble in Terrorist Town
2727,Volkswagen Type 2
2728,Domestic pig
2729,Grand Tourer Injection
2730,Alucard (Hellsing)
2731,Aerith Gainsborough
2732,Batmobile
2733,Gummi candy
2734,Cauliflower
2735,Marlin
2736,Gold medal
2737,Shin Megami Tensei: Persona 3
2738,Table football
2739,Shikamaru Nara
2740,Truggy
2741,Ford Explorer
2742,Chevrolet Cruze
2743,American Airlines
2744,Jupiter
2745,Galaxy Nexus
2746,KFC
2747,Spec Ops: The Line
2748,Rigs of Rods
2749,EA Sports UFC
2750,Plastic bottle
2751,Hubble Space Telescope
2752,Barn
2753,Hand
2754,Star Wars: Battlefront (2004 video game)
2755,Digimon Masters
2756,Gibson ES-335
2757,Waffle
2758,Paper model
2759,Ressha Sentai ToQger
2760,Gas tungsten arc welding
2761,Pavement (architecture)
2762,Sonic & Sega All-Stars Racing
2763,
2764,Palace
2765,Stealth game
2766,God of War (2005 video game)
2767,Mazda6
2768,Dragon Age II
2769,Warhammer Online: Age of Reckoning
2770,Switch
2771,Grizzly bear
2772,
2773,H.A.V.E. Online
2774,Lowlands (festival)
2775,Wok
2776,Window blind
2777,Nokia N8
2778,Android Wear
2779,V10 engine
2780,Toyota Tundra
2781,Marble (toy)
2782,Alligator
2783,Screencast
2784,Range Rover Sport
2785,Moose
2786,Polo
2787,Laminate flooring
2788,BVE Trainsim
2789,Baby sling
2790,Garage door
2791,Compact car
2792,Dishonored
2793,Parrot AR.Drone
2794,Giraffe
2795,Need for Speed Rivals
2796,McLaren 12C
2797,Pork ribs
2798,Track cycling
2799,Don't Starve
2800,Marvel: Avengers Alliance
2801,Popeye
2802,Ford Mondeo
2803,HTC One (M7)
2804,Pyramid
2805,Asphalt
2806,Beetle
2807,Canon EOS 600D
2808,Oldsmobile Cutlass
2809,Suzuki GSX-R750
2810,Audi A8
2811,World of Warcraft: The Burning Crusade
2812,Homing pigeon
2813,NHL 15
2814,Touring motorcycle
2815,Goblin
2816,Nissan 370Z
2817,Metro: Last Light
2818,Skylanders: Giants
2819,Ran Online
2820,Gear
2821,Mercedes-Benz G-Class
2822,Travian
2823,Burnout Paradise
2824,Tag team
2825,Electric motorcycles and scooters
2826,Kazuya Mishima
2827,Serious Sam
2828,Nexus 7 (2013)
2829,Super Paper Mario
2830,Doodle
2831,Gelatin dessert
2832,Andalusian horse
2833,Warrior
2834,Ferrari 360
2835,DVD player
2836,WildStar (video game)
2837,Hyundai Genesis
2838,Chutney
2839,Pizzica
2840,Dead Rising 2
2841,Potter's wheel
2842,Yoda
2843,Cylinder (engine)
2844,M. Bison
2845,Metal Gear Solid: Peace Walker
2846,Masonry
2847,Edward Elric
2848,Split (gymnastics)
2849,Mario Kart DS
2850,Ghost Rider
2851,Grand Theft Auto: Episodes from Liberty City
2852,F1 2012 (video game)
2853,Cookie Monster
2854,Red hair
2855,Nami (One Piece)
2856,Canon EF lens mount
2857,Finger
2858,Asteroid
2859,Nissan Navara
2860,Riddler
2861,Traffic light
2862,Nikon Coolpix series
2863,Dragonica
2864,Broth
2865,Metal Gear Solid 2: Sons of Liberty
2866,Samsung Galaxy Y
2867,Wedding cake
2868,Half-pipe
2869,Gothic II
2870,Vehicle horn
2871,Motor oil
2872,Credit card
2873,Resident Evil 2
2874,British Airways
2875,Great Dane
2876,Stain
2877,Super Mario 3D World
2878,Yamaha YZ125
2879,Atari 2600
2880,Rover (space exploration)
2881,Cayman
2882,Ragdoll
2883,Basement
2884,Betta
2885,Mobile home
2886,Heroes of Might and Magic
2887,Photograph
2888,Wreath
2889,Universe of The Legend of Zelda
2890,Lamborghini Diablo
2891,Albus Dumbledore
2892,BlackBerry Bold
2893,Prototype 2
2894,Soybean
2895,Hurdling
2896,Spock
2897,Sony Xperia Z2
2898,Monopoly (game)
2899,Fruit preserves
2900,SimCity (2013 video game)
2901,Cutlet
2902,Volkswagen Touareg
2903,Aerosol paint
2904,Risotto
2905,Toyota 4Runner
2906,Driveclub
2907,Moshing
2908,Total War: Shogun 2
2909,Elf
2910,Hot tub
2911,President
2912,NHL 13
2913,Rudolph the Red-Nosed Reindeer
2914,Bugs Bunny
2915,Mario & Luigi: Superstar Saga
2916,Tulip
2917,Paper Mario: The Thousand-Year Door
2918,Hammer
2919,EarthBound
2920,Meta Knight
2921,La Tale
2922,Shadow of the Colossus
2923,GLaDOS
2924,Hunting dog
2925,BioShock 2
2926,Supercars Championship
2927,Orbit
2928,God of War: Ascension
2929,Bloons
2930,Ney
2931,Toyota MR2
2932,Cam
2933,
2934,Zoom lens
2935,H&M
2936,Hovercraft
2937,Sanshin
2938,Instant noodle
2939,Luigi's Mansion
2940,Tales of Vesperia
2941,Dekotora
2942,
2943,Talking Tom and Friends
2944,Baseball glove
2945,Ale
2946,Meringue
2947,Canon EOS 7D
2948,Shaolin Kung Fu
2949,Hawk
2950,Donkey Kong Country Returns
2951,The Salvation Army
2952,Brown trout
2953,Sugarcane
2954,Cake pop
2955,Suzuki Bandit series
2956,Green tea
2957,Warehouse
2958,Appalachian dulcimer
2959,Kermit the Frog
2960,Unicorn
2961,Fountain pen
2962,Acer Iconia
2963,Master System
2964,Robocraft
2965,Merlin
2966,Sweet potato
2967,Alice's Adventures in Wonderland
2968,Solar flare
2969,DigiTech
2970,Saturn
2971,Flash (comics)
2972,Reindeer
2973,Justice League
2974,Line Rider
2975,Runes of Magic
2976,Chevrolet Suburban
2977,Michael Myers (Halloween)
2978,Need for Speed: Undercover
2979,Wand
2980,Chevrolet Malibu
2981,Coal
2982,Antena 3 (Spain)
2983,Driver: San Francisco
2984,Font
2985,Stingray
2986,Thermostat
2987,Toph Beifong
2988,Vert ramp
2989,Ridge Racer
2990,Goat Simulator
2991,Lineage (video game)
2992,CNBC
2993,Juri (Street Fighter)
2994,TARDIS
2995,Pigeon racing
2996,Lap steel guitar
2997,Shovel
2998,Mosaic
2999,Monster Retsuden Oreca Battle
3000,Pair skating
3001,Wallpaper
3002,The Simpsons: Tapped Out
3003,The Elder Scrolls III: Morrowind
3004,Padel (sport)
3005,Fender (vehicle)
3006,Furnace
3007,Nissan Altima
3008,Cornet
3009,Škoda Fabia
3010,Lockheed Martin F-35 Lightning II
3011,Electribe
3012,Alesis
3013,Motorola Razr
3014,Halo: Combat Evolved Anniversary
3015,Darksiders
3016,Neo Geo (system)
3017,Snail
3018,Milking
3019,Pluto (Disney)
3020,Peanut
3021,Verona Arena
3022,Chubby Bunny
3023,Jerry Mouse
3024,Corvette Stingray (concept car)
3025,Cigarette
3026,Cube World
3027,
3028,Cybertron
3029,Dacia Duster
3030,Pastel
3031,Transformer
3032,Split screen (computer graphics)
3033,Sukhoi Su-27
3034,Gabrielle (Xena: Warrior Princess)
3035,Opel Kadett
3036,Nokia Lumia 920
3037,Twin-turbo
3038,Jiraiya (Naruto)
3039,The Legend of Zelda: A Link to the Past
3040,Crappie
3041,Rechargeable battery
3042,
3043,Super Mario 3D Land
3044,
3045,DragonFable
3046,Aragorn
3047,Crash Bandicoot 2: Cortex Strikes Back
3048,Southwest Airlines
3049,Multi-tool
3050,Passport
3051,Porsche Panamera
3052,Airship
3053,Tuxedo Mask
3054,Tom Clancy's Ghost Recon: Future Soldier
3055,Melty Blood
3056,Beam (structure)
3057,Gas metal arc welding
3058,Audi Q7
3059,Bell pepper
3060,Chewing gum
3061,Drinking water
3062,Heat pump
3063,Kenshiro
3064,Patrick Drake and Robin Scorpio
3065,Miniature wargaming
3066,Kawasaki Ninja 650R
3067,Captain Falcon
3068,J-Stars Victory VS
3069,Imperishable Night
3070,Citrus
3071,Drift trike
3072,Optical illusion
3073,Command & Conquer: Red Alert 3
3074,Suzuka Circuit
3075,Mayonnaise
3076,Quake III Arena
3077,Keychain
3078,God Mode
3079,Ford Bronco
3080,Crocodilia
3081,Black and white
3082,Llanero
3083,Monorail
3084, Nova
3085,G.I. Joe
3086,S.T.A.L.K.E.R.: Call of Pripyat
3087,Perfect Cherry Blossom
3088,Wine tasting
3089,Olive
3090,Ultra Series
3091,Beat 'em up
3092,Jellyfish
3093,Lego Legends of Chima
3094,Sauna
3095,Tom Clancy's Splinter Cell: Blacklist
3096,Starscream
3097,Aang
3098,Misty (Pokémon)
3099,IPad Air
3100,Ice pop
3101,Lute
3102,Jigsaw puzzle
3103,Baritone saxophone
3104,BMW Z4
3105,Mana (series)
3106,Motorized bicycle
3107,Dalmatian (dog)
3108,Bose Corporation
3109,Burton Snowboards
3110,Kingdom Hearts: Chain of Memories
3111,Mass Rapid Transit (Singapore)
3112,Boombox
3113,Napkin
3114,Chimpanzee
3115,Guitar Hero: Metallica
3116,Radar detector
3117,Honda NSX
3118,Empire: Total War
3119,Darts
3120,Light fixture
3121,Super Mario Bros. 2
3122,Temple Run
3123,Kristoff (Disney)
3124,Adrenalyn XL
3125,Tatra (company)
3126,Mini-Z
3127,Tin can
3128,Market garden
3129,Mercedes-Benz Actros
3130,Hug
3131,Whipped cream
3132,Wasp
3133,Oni
3134,Princess Daisy
3135,Constellation
3136,HTC One X
3137,Fender Precision Bass
3138,Prawn
3139,Christmas card
3140,Handbell
3141,Coconut milk
3142,Toshiba Satellite
3143,Riven
3144,Referee
3145,Dragon's Dogma
3146,Dalek
3147,Folding bicycle
3148,2 Days
3149,Kimono
3150,Seiko
3151,Hippopotamus
3152,Resident Evil: Revelations
3153,Billboard (magazine)
3154,Padlock
3155,Butterfly stroke
3156,Mashed potato
3157,Yuan Zai (giant panda)
3158,Aurora
3159,Mop
3160,Tubing (recreation)
3161,Clothes iron
3162,Order & Chaos Online
3163,Zebra
3164,Crème caramel
3165,"Warhammer 40
3166,Tom Clancy's Splinter Cell: Conviction
3167,Wakfu
3168,Stitch (Lilo & Stitch)
3169,Calf
3170,Cars 2 (video game)
3171,Crayfish
3172,Engagement ring
3173,Infamous Second Son
3174,Jukebox
3175,Biryani
3176,DJ Hero
3177,Super GT
3178,Chameleon
3179,Oyster
3180,Warcraft III: The Frozen Throne
3181,Dynasty Warriors 7
3182,Postage stamp
3183,Derek Shepherd
3184,Plotter
3185,Amnesia: The Dark Descent
3186,Jinn
3187,Rayman Legends
3188,Tinker Bell
3189,Patchwork
3190,Doom 3
3191,Wat
3192,Paiste
3193,Mercedes-Benz CLS-Class
3194,Liquid
3195,GameTrailers
3196,Pep squad
3197,Clam
3198,SaGa (series)
3199,Nollie
3200,Company of Heroes
3201,Green Arrow
3202,Naruto Uzumaki
3203,DeWalt
3204,Putter
3205,Family
3206,Transistor
3207,SOCOM (series)
3208,Pea
3209,Social media
3210,Aliens vs. Predator (2010 video game)
3211,HTC HD2
3212,Ducati Monster
3213,Aggressive inline skating
3214,Maserati GranTurismo
3215,PortAventura World
3216,Lego Batman: The Videogame
3217,Energy drink
3218,Turban
3219,Pokémon Yellow
3220,Alaskan Malamute
3221,Monica's Gang
3222,Suzuki Vitara
3223,Black Desert Online
3224,Zara (retailer)
3225,Just Dance 2015
3226,Maid Sama!
3227,Disguise
3228,Kidney
3229,Water well
3230,Farmer
3231,Toyota RAV4
3232,Night
3233,DJMax
3234,Richter-tuned harmonica
3235,Real Racing 3
3236,Solid Snake
3237,United States dollar
3238,F1 2010 (video game)
3239,Samsung Galaxy Ace
3240,Trials Evolution
3241,Cadillac CTS
3242,Daihatsu
3243,Balcony
3244,Xperia Play
3245,Rookie
3246,Timing belt (camshaft)
3247,Monster Energy
3248,"Ork (Warhammer 40
3249,Toyota JZ engine
3250,Drive-through
3251,Spektrum RC
3252,Hyundai Sonata
3253,Chinchilla
3254,Wii Sports Resort
3255,Interchange (road)
3256,Whitewater slalom
3257,Ticket (admission)
3258,Bayonetta
3259,Salsa (sauce)
3260,PlayStation All-Stars Battle Royale
3261,Lego Minecraft
3262,
3263,Mule
3264,Starbound
3265,Scissors
3266,Asparagus
3267,Sony NEX-5
3268,Electrical connector
3269,Rayquaza
3270,Eight-ball
3271,Steel-string acoustic guitar
3272,Strap
3273,Times Square
3274,Bus driver
3275,SEAT Ibiza
3276,Converse (shoe company)
3277,Atlantic bluefin tuna
3278,Mercedes-Benz W124
3279,
3280,Goggles
3281,Kawasaki Z1000
3282,Shrimp and prawn as food
3283,Garnier
3284,Semi-trailer
3285,Cod
3286,Carpet cleaning
3287,Lost Planet
3288,Sonic the Hedgehog CD
3289,Final Fantasy V
3290,F1 2013 (video game)
3291,Modelling clay
3292,Audi Sportback concept
3293,WWE All Stars
3294,Mitsubishi Outlander
3295,Punch-Out!!
3296,Disney Infinity: Marvel Super Heroes
3297,Mulch
3298,Willy Wonka
3299,Dead Space 3
3300,Eurofighter Typhoon
3301,H1Z1: Just Survive
3302,Fakie
3303,Super Mario RPG
3304,Dance Central 3
3305,Puppet
3306,Cursor (user interface)
3307,Prince of Persia: Warrior Within
3308,Ultimate Mortal Kombat 3
3309,Macross
3310,Upholstery
3311,The Binding of Isaac (video game)
3312,Deathstroke
3313,The King of Fighters '98
3314,Dragon Ball Z: Battle of Z
3315,Theatre organ
3316,Valve Corporation
3317,Age of Conan
3318,GameStop
3319,Unreal Tournament
3320,Metroid Prime
3321,Annie (musical)
3322,Cinderella (Disney character)
3323,Eric Cartman
3324,The Prince of Tennis
3325,Kia Sportage
3326,Vase
3327,Nightwing
3328,Wing
3329,Gouken
3330,Loft
3331,Ferris wheel
3332,Newspaper
3333,Cash
3334,A Certain Magical Index
3335,Pretty Rhythm
3336,Marionette
3337,Swing (seat)
3338,He-Man
3339,Cook (profession)
3340,Bentley Continental GT
3341,Shaman King
3342,Hakuōki
3343,Essential oil
3344,Balalaika
3345,Baja 1000
3346,Hummingbird
3347,PSA HDi engine
3348,Nissan Sentra
3349,
3350,Infamous (video game)
3351,Game Boy Color
3352,343 Industries
3353,Six Flags Magic Mountain
3354,Woozworld
3355,It's a Small World
3356,Star Fox 64
3357,Xenoblade Chronicles
3358,TurboGrafx-16
3359,Tesla coil
3360,HTC Evo 4G
3361,Super Metroid
3362,Label
3363,Gothic (video game)
3364,Samsung Galaxy Gear
3365,
3366,Viola caipira
3367,Space Engineers
3368,Yamaha MT-09
3369,Mortal Kombat: Armageddon
3370,Angry Birds Star Wars
3371,Aerography (arts)
3372,Python (genus)
3373,Hyundai Elantra
3374,MG Cars
3375,Tesla Model S
3376,Castlevania: Symphony of the Night
3377,Body armor
3378,Bone
3379,Tekken 5: Dark Resurrection
3380,Kimchi
3381,Wedding invitation
3382,Porsche 930
3383,Whey protein
3384,Winery
3385,Honda Integra DC5
3386,Hatter (Alice's Adventures in Wonderland)
3387,Double Dutch (jump rope)
3388,Cort Guitars
3389,One-man band
3390,Dentures
3391,Tupperware
3392,The Lion King (musical)
3393,BlackBerry Z10
3394,Kingdom Hearts III
3395,Zipper
3396,Leaf
3397,Samsung Galaxy Note 10.1
3398,Bansuri
3399,BMW 5 Series (F10)
3400,Australian Shepherd
3401,Crash Bandicoot: Warped
3402,Pou (video game)
3403,Tilapia
3404,Peugeot 205
3405,AC Cobra
3406,Tin whistle
3407,Tooth brushing
3408,Battlefield 1942
3409,Virginia Tech
3410,Quarry
3411,Amphibious ATV
3412,Dome
3413,Portable stove
3414,Sound system (Jamaican)
3415,Suikoden
3416,Lunar eclipse
3417,Tiramisu
3418,Inazuma Eleven GO (video game)
3419,Nissan 300ZX
3420,Neverwinter (video game)
3421,Axle
3422,Altaïr Ibn-La'Ahad
3423,Radiator
3424,Resident Evil (2002 video game)
3425,Prince of Persia: The Sands of Time
3426,Crop circle
3427,Rhinoceros
3428,
3429,Bookcase
3430,Common quail
3431,The Hunger Games
3432,Mercedes-Benz A-Class
3433,Sarah Walker (Chuck)
3434,Cinnamon
3435,Hiru TV
3436,Bread roll
3437,Magician (fantasy)
3438,Lotion
3439,Killzone 3
3440,Cadillac Escalade
3441,Silhouette
3442,Swan
3443,Lemonade
3444,Trabant
3445,Mojito
3446,Fossil
3447,Macy's
3448,Silk
3449,Puma SE
3450,Nissan Maxima
3451,Battlefield 2142
3452,Twisted Metal
3453,Olive oil
3454,Wii Remote
3455,Universal Studios Hollywood
3456,Berserk (manga)
3457,Wellington boot
3458,Tomb Raider: Anniversary
3459,Almond
3460,Audi RS 6
3461,Ladder
3462,Fire Emblem Awakening
3463,Stained glass
3464,Tape recorder
3465,Emerald
3466,Ford Fusion (Americas)
3467,Iguana
3468,Might and Magic
3469,Pluto
3470,Mazda Raceway Laguna Seca
3471,Air Force 1 (shoe)
3472,Pub
3473,Oshun
3474,Honda K engine
3475,Nerd
3476,Renault 5
3477,F1 2011 (video game)
3478,Windscreen wiper
3479,Lex Luthor
3480,Track racing
3481,Escalator
3482,Charlie Brown
3483,Chauffeur
3484,Soba
3485,Window film
3486,Bowl
3487,Alarm clock
3488,Pokémon Mystery Dungeon: Explorers of Time and Explorers of Darkness
3489,Roomba
3490,Honda Shadow
3491,Lightning Returns: Final Fantasy XIII
3492,LATAM Brasil
3493,Top
3494,American Bulldog
3495,Legoland
3496,Caterpillar
3497,Windows Phone 8
3498,Automated teller machine
3499,Samsung Galaxy S III Mini
3500,Portrait photography
3501,Office
3502,Para Para
3503,Hockey stick
3504,Singapore Airlines
3505,Volvo S60
3506,Udon
3507,Chevrolet K5 Blazer
3508,Bath & Body Works
3509,Segway PT
3510,Castlevania: Lords of Shadow
3511,Mario Kart: Double Dash
3512,Mew (Pokémon)
3513,Walkman
3514,Mentos
3515,Jilbāb
3516,Canter and gallop
3517,Cinderella
3518,Skylanders: Trap Team
3519,Lego Duplo
3520,Morgan le Fay
3521,Decal
3522,Handycam
3523,Women's Tennis Association
3524,Yeti
3525,Multi-valve
3526,Pokémon Stadium
3527,Matryoshka doll
3528,Lexus LFA
3529,Keirin
3530,
3531,Honda Prelude
3532,Burrito
3533,Midna
3534,Shuriken
3535,New Super Mario Bros. 2
3536,Nebula
3537,BlackBerry PlayBook
3538,Typography
3539,Hare
3540,Mohawk hairstyle
3541,Onsen
3542,Jet pack
3543,Wagon
3544,Just Dance 3
3545,Nissan S30
3546,Noah's Ark
3547,Ronald McDonald
3548,Bombardier Dash 8
3549,Raspberry
3550,Hair dryer
3551,The Simpsons: Hit & Run
3552,Still life
3553,Ice climbing
3554,Lada Riva
3555,Port
3556,Compound bow
3557,Resident Evil 3: Nemesis
3558,R2-D2
3559,Sand animation
3560,ABS-CBN (television network)
3561,Leica Camera
3562,Final Fantasy (video game)
3563,Arkham Asylum
3564,Dynasty Warriors 8
3565,Text messaging
3566,Nursery (room)
3567,Donkey Kong 64
3568,Star Wars Jedi Knight: Jedi Academy
3569,Typing
3570,Mapex Drums
3571,Granado Espada
3572,Calendar
3573,UFC Undisputed 3
3574,Airbag
3575,DMC World DJ Championships
3576,Gingerbread
3577,Rayman Origins
3578,Lamborghini Reventón
3579,Trials Fusion
3580,Mafia (video game)
3581,Paso Fino
3582,
3583,Sport kite
3584,Taco Bell
3585,Envelope
3586,Mazdaspeed3
3587,Transformers: Generation 1
3588,Empanada
3589,Mega Man 3
3590,Transformers: Fall of Cybertron
3591,Rosalina (character)
3592,Mosquito
3593,Volkswagen Tiguan
3594,Metal Gear Solid V: Ground Zeroes
3595,Marmalade
3596,Pandeiro
3597,Miss Saigon
3598,Yosemite National Park
3599,Dutch Warmblood
3600,Pre-flight safety demonstration
3601,Citroën Saxo
3602,Mack Trucks
3603,Medley swimming
3604,
3605,Spindle (tool)
3606,Greek cuisine
3607,Hyundai Santa Fe
3608,Chili con carne
3609,Poster
3610,Kawasaki Ninja 300
3611,Baby food
3612,Grand Theft Auto (Game Boy Advance)
3613,Sim racing
3614,Chromebook
3615,Peter Griffin
3616,Stainless steel
3617,Beverage can
3618,Pixie cut
3619,Chevrolet SS (concept car)
3620,Chokehold
3621,Bullion
3622,Super Mario Kart
3623,The Sims FreePlay
3624,Giant Bicycles
3625,Sgt. Frog
3626,Age of Empires II
3627,Abadá
3628,Kingdom Hearts HD 1.5 Remix
3629,Blackjack
3630,Canon EOS 60D
3631,Filling station
3632,Plywood
3633,Pheasant
3634,Wilson Sporting Goods
3635,Comb
3636,Lighthouse
3637,Rock and Roll Hall of Fame
3638,Tōshirō Hitsugaya
3639,Tales of the Abyss
3640,Maze
3641,Resident Evil: Operation Raccoon City
3642,Cimbalom
3643,
3644,Monkey Island (series)
3645,Civilization V
3646,Venus
3647,Peugeot 207
3648,The Amazing Spider-Man (2012 video game)
3649,Chrono Cross
3650,New Balance
3651,Dassault Rafale
3652,Daredevil (Marvel Comics character)
3653,Silent Hill 2
3654,Beanie (seamed cap)
3655,Nut (fruit)
3656,Jill Valentine
3657,Scion tC
3658,Percy Jackson
3659,Lord of the Dance (musical)
3660,Far Cry (video game)
3661,Star Wars: The Force Unleashed II
3662,Memory card
3663,Motorola Droid
3664,Skylanders: Spyro's Adventure
3665,Yamaha DT125
3666,Audi Q5
3667,Jaguar
3668,Jaguar XJ
3669,Animal Crossing: Wild World
3670,Cockroach
3671,Wetsuit
3672,Funny Car
3673,FarmVille
3674,The Sims 3: Pets
3675,Peel (fruit)
3676,Melting
3677,Aurora (Disney character)
3678,Dry ice
3679,Star Ocean
3680,Duke Nukem Forever
3681,Toribash
3682,Yamaha YZ250
3683,Tekken 3
3684,Orihime Inoue
3685,Spyro: Year of the Dragon
3686,Eight-string guitar
3687,Sonic Riders
3688,Penny (The Big Bang Theory)
3689,Honda XR series
3690,Neodymium magnet toys
3691,Leatherman
3692,Maximum Destruction
3693,Super Mario 64 DS
3694,Unreal Tournament 3
3695,Health club
3696,Chrysler Hemi engine
3697,The North Face
3698,CBS News
3699,Pentium
3700,Cannon
3701,London Fashion Week
3702,Military tactics
3703,Smallmouth bass
3704,Leopard gecko
3705,Top (clothing)
3706,Fable III
3707,Panasonic Lumix DMC-GH4
3708,Sikorsky UH-60 Black Hawk
3709,Blue Dragon
3710,Loudspeaker enclosure
3711,Ōkami
3712,Tribal Wars
3713,Hot chocolate
3714,Beetroot
3715,
3716,Nokia N97
3717,Blue Exorcist
3718,
3719,Sonic and the Black Knight
3720,Headscarf
3721,Plasma display
3722,Woody Woodpecker
3723,
3724,Beyblade: Shogun Steel
3725,29er (bicycle)
3726,QR code
3727,Dyson (company)
3728,Yanmar
3729,Gladiator
3730,Nissan Pathfinder
3731,Nissan X-Trail
3732,Autofocus
3733,King Dedede
3734,Zoo Tycoon 2
3735,Wheat tortilla
3736,Team Rocket
3737,Classical ballet
3738,New York City Police Department
3739,Heihachi Mishima
3740,Crochet hook
3741,Pencil case
3742,Gods Eater Burst
3743,
3744,DS 3
3745,Periodic table
3746,General Electric
3747,Nissan Juke
3748,Lollipop
3749,Jaguar F-Type
3750,MechWarrior Online
3751,Dodge Neon SRT-4
3752,Fried egg
3753,Revell
3754,Indoor soccer
3755,Gratin
3756,Punisher
3757,Washburn Guitars
3758,Caster board
3759,"Eldar (Warhammer 40
3760,Final Fantasy Type-0
3761,NBA 2K10
3762,The Lord of the Rings: The Battle for Middle-earth II
3763,Texas Longhorns
3764,3D television
3765,Scorpion
3766,"Warhammer 40
3767,Burpee (exercise)
3768,The Order: 1886
3769,Poptropica
3770,Tomb Raider: Legend
3771,Pelmeni
3772,Bánh
3773,PriPara
3774,Legacy of Kain
3775,Bowser Jr.
3776,Yonex
3777,Humanoid robot
3778,Sony Ericsson Xperia X10
3779,Rain gutter
3780,FIFA Street (2012 video game)
3781,Castle Crashers
3782,Meteoroid
3783,Macaroni and cheese
3784,Sega CD
3785,Mac Mini
3786,Tales of Xillia
3787,Sonic Lost World
3788,Orphanage
3789,Siku Toys
3790,Lego Batman 3: Beyond Gotham
3791,Daenerys Targaryen
3792,Orangutan
3793,Town
3794,Command & Conquer: Generals
3795,Samurai Shodown
3796,ZX Spectrum
3797,Quake Live
3798,Weighing scale
3799,Dead Frontier
3800,Wolfenstein: The New Order
3801,Colin McRae: Dirt
3802,Square dance
3803,Assassin's Creed Rogue
3804,Airboat
3805,Uncharted: Drake's Fortune
3806,Diddy Kong
3807,Yamaha Motif
3808,Theremin
3809,Rilakkuma
3810,Tie-dye
3811,Flip-flops
3812,Cylinder
3813,Gothic 3
3814,Unreal (1998 video game)
3815,Beyond: Two Souls
3816,Umbrella
3817,Dream Club
3818,Gradius
3819,Nexus One
3820,Nokia N900
3821,Tamagotchi
3822,Husband
3823,Sleeping bag
3824,Look-alike
3825,Papaya
3826,Mother 3
3827,The Beatles: Rock Band
3828,Prince of Persia: The Two Thrones
3829,
3830,Darth Maul
3831,Knife sharpening
3832,Meteor shower
3833,Flugelhorn
3834,One Piece: Pirate Warriors
3835,Asterix
3836,Talk box
3837,With Your Destiny
3838,Alan Wake
3839,Barcode
3840,Recurve bow
3841,Diaper bag
3842,Ferrari F12berlinetta
3843,Taskbar
3844,Mortar (masonry)
3845,Toner (skin care)
3846,Freddy Krueger
3847,Marriott International
3848,Mass Effect (video game)
3849,Hawkeye (comics)
3850,Killing Floor (video game)
3851,Chibiusa
3852,Screenshot
3853,Pear
3854,Injury
3855,Kia Sorento
3856,Shredder (Teenage Mutant Ninja Turtles)
3857,Lifeguard
3858,Kei car
3859,Fight Night Champion
3860,Terra (comics)
3861,Gamblerz
